346,3V Solutions,3RP,5061203
38,A123 Systems,A.T. Cross,5061213
10,Aavid Thermalloy,A123 Systems,5061219
413,ABIM,AAA Southern New England,5061221
296,ACGI Software,Abt Associates,5061246
26,ACT,Acadaca,5061248
301,Adams 14,Acceleron Pharma,5061252
411,Adhesives Research,Accesso,5061259
414,Aeris,ACGI,5061273
249,"Agensys, Inc.",Aci Worldwide,5061275
72,Agero,Acushnet,5061301
187,Agios Pharmaceuticals,Adams 14,5061303
218,"AGY, LLC",ADHESIVES RESEARCH INC,5061308
319,Airvana,Advanstar Communications Inc,5061325
298,Akamai,Aetna Incorporated,5061343
415,Akron Beacon Journal,Agencourt Bioscience,5061356
8,Alkermes Inc,Agenus Inc.,5061357
258,Allegro MicroSystems Inc.,Agero,5061358
91,AlphaGary Corporation,Agios Pharmaceuticals,5061360
330,American Air Filter,AJC International,5061382
27,American BioPhysics,Akamai Technologies,5061385
81,American Greetings,Alco Stores,5061402
65,American Insulated Wire,AlertLogic,5061414
137,American Renal Associates,Alkermes Inc.,5061424
369,American Seafood Group,Allegro Microsystems,5061433
219,Amerifit,Allianz Global Investors,5061446
158,AMLI,AlphaGary Corporation,5061464
208,Amonix,Alstom Power,5061469
92,"Amphenol, PCD, Inc.",Altra Industrial Motion,5061476
93,"Amtrol, Inc.",AMEC Earth & Environmental,5061491
23,Andrew,American Insulated Wire,5061529
176,Andrew Peller Limited,American Management Association,5061532
49,"Antigenics (Agenus, Inc.)",American Science and Engineering,5061542
217,"Apperian, Inc.",Amerinet,5061558
481,Appriss,Ametek Aerospace,5061566
360,Aquatech,AMLI,5061571
416,Aravo ,Amphnol TMS,5061578
285,Arby's Restaurant Group,Anchor Packaging,5061592
306,Ariad Pharmaceuticals,Andera,5061594
302,Array BioPharma Inc,Angelica Textile Services,5061601
417,Ascent,Anika Pharmaceuticals,5061603
300,Aspen Aerogels,Apperian,5061621
371,Aspen Technology Inc,Apps Associates,5061632
89,Astellas,Arbella Mutual Insurance Group Co.,5061643
385,Ateeco Inc,Arby's Restaurant Group,5061648
76,ATG,Ariad Pharmaceuticals,5061668
36,Atrium Medical Corporation,Arlington Public Schools,5061675
418,Autodesk ,Array BioPharma Inc.,5061681
135,Avid Technology,Arrow Electronics Inc.,5061682
136,Avidyne Corporation,Art Technology Group,5061687
274,B456 Systems Inc,Arthur J. Gallagher,5061690
220,Banca IMI Securities Corp,Ascent Techcnology Inc.,5061700
386,Banks Holdings Limited,Aspen Technology Inc,5061710
226,"Baptist Health Systems, Inc.",Associated Environmental Systems-BMA,5061717
166,Baystate Health,Associated Press,5061719
123,"Beluga Ventures, LLC",Astellas,5061725
324,Berkshire Group,ASTM International,5061728
329,Berkshire Group Help Desk,Ateeco Inc.,5061738
419,BioClinica,Atlantic Tele-Network,5061748
161,Biogen IDEC,Atrius Health,5061758
125,Biomet 3i,Authorize.net (formerly Lightbridge),5061767
254,"Bissell Homecare, Inc.",Aviation Technical Services (formerly Goodrich),5061789
252,Boart Longyear,Avidyne Corporation,5061790
94,Boston Acoustics,Axcelis,5061797
248,Boston Healthcare for the Homeless,AZZ Inc,5061804
328,Bowling Green,B456,5061809
167,Bracebridge,Back Bay Restaurant Group Inc.,5061814
133,Bradford Soap,Bain,5061820
280,Brake Parts Inc,Banca IMI Securities Corp,5061835
377,Brewster Home Fashions,Bank Holdings Limited,5061841
45,Bridgewater State College,Baptist Health South Florida,5061846
59,Brigham and Womans Hospital,Barrick Gold,5061861
205,"Brooks Automation, Inc.",Barry Controls,5061862
70,"Brueggers Enterprises, Inc.",Bauer Hockey,5061872
420,BullsEye ,Baystate Health,5061882
387,Butler Supply,Baystate Health Inc.,5061883
58,BUXTON,BCBS of MA,5061893
388,BWAY Corporation,BCG,5061895
66,Cadec,Beacon Mutual,5061900
73,Calloway Labs,Bellevue University,5061921
406,Cambridge Isotope Laboratories,Benjamin Moore & Co.,5061932
256,CardioDX,Bentley Pharmaceuticals,5061936
155,Carroll Enterprises Inc,Berkshire Group LLC,5061938
489,Cascade Pacific Pulp LLC,Berkshire Hills Bankcorp,5061939
331,Catalyst Paper Corporation,Berkshire Life Insurance Company,5061940
421,Catbird,Berry Pack,5061941
216,Catholic Social Services,Bertucci's,5061943
282,Catuogno Court Reporting Inc,Best Buy,5061946
168,"CBeyond Communications, LLC",BigBand Networks,5061968
221,Cedar Fair,Binghamton University,5061974
422,Century Aluminium,Biogen Idec,5061979
43,CFG (Cumberland Farms),Biomet 3i,5061984
13,Champion Exposition Services,Biosphere Medical,5061987
142,Charter Steel,Bioverativ,5061990
390,Checkview,BJ's Wholesale,5061996
215,Childrens National Medical Center,BJG Electronics,5061997
2,Ciner Resources Corporation,Blacksmith Applications,5062007
423,Cirrus Aircraft,Blue Cross Blue Shield Of Rhode Island,5062018
212,Citizens Energy Group,BMCHP,5062026
222,City of Indianapolis,Bose,5062053
347,City of Nanaimo,Boston Healthcare for the Homeless,5062059
175,"CL Verify, LLC",Boston Properties,5062065
162,Clarendon Insurance,Bowling Green,5062074
403,Clear Process Solutions,Bracebridge Capital LLC,5062080
191,CNL Financial Group,Bradford,5062081
164,"CNL Lifestyle Company, LLC",Bradford Soap,5062082
424,Codexis,Brake Parts Inc.,5062086
95,Coface,Breville,5062099
493,Coinstar,Bridgewater State University,5062104
304,Cole Parmer,Brigham and Women's,5062109
310,Cole Parmer End Users,Bright Horizons,5062111
25,Color Kinetics (Phillips),BrightSource Energy,5062114
333,Color Spot Nurseries,Brooks Automation Inc.,5062133
332,Colorado Department of Transportation,Brooks Instruments,5062134
401,Columbia University Medical Center,Brother International,5062142
323,Community Health Center,BUILD-A-BEAR,5062161
495,Community Reach Center,Buxton,5062183
348,Consensus,Buzzi Unicem USA,5062184
159,Converge Global Trading,BWAY Corporation,5062185
311,Copyright Clearance Center,C&S Wholesale Grocers,5062195
305,Cosi,Cabot,5062202
498,Coveris,Cabot Corp,5062203
118,"CP Clare, Inc.",Cadec,5062204
24,"Crossbeam Systems, Inc.",Caliper Life Sciences,5062222
63,Cruise One,Calix Networks,5062224
426,CSS,Cambridge Associates LLC,5062234
484,CSS Impact,Cambridge Isotope Laboratories Inc.,5062236
134,Cubist,Candela Corp,5062248
425,Customer Contact Services,CARE New England,5062283
52,Cybex International,Carestream Health Inc.,5062290
96,Cytyc,Carroll Enterprises Inc.,5062303
127,D3 Security Inc,Cascade Pacific Pulp LLC,5062310
287,Danone Foods Inc,Casual Male,5062321
334,Dassian,Catalyst Paper Corporation,5062324
480,Davita,Catholic Human Services,5062329
358,Day and Zimmermann,Catuogno,5062332
482,Deere-Hitachi,CEI Corporation,5062346
188,Defunct (Avid Tech),Cell Therapeutics,5062354
97,Delorme,Centrify,5062371
9,Delta,Century Aluminum,5062374
117,Demo Company,Ceres Inc,5062378
427,Dicerna,Champlain College,5062393
428,Digital First Media News,Charles River Labs,5062398
429,Distribution Publications Inc,Chippewa Valley Technical College,5062437
430,Doc-tor.com,Chittenden Bank - People's Bank in CT,5062439
382,Docupace Technologies,Cianbro,5062451
391,Dominion Resources Services Inc,CIGNA,5062455
392,Dorman Products Enterprise,Ciner Resources Corporation (OCI Chemical),5062459
184,Dover Corporation,Citizens Energy Group,5062466
393,DuPont Teijin Films UK Ltd,Citizens Property Insurance Corporation,5062468
394,Dyno Nobel,City and County of Denver,5062471
74,Eastern Bank,City of Chattanooga,5062483
402,Eaton,City of Indianapolis/Marion County,5062500
173,Eaton Vance,City of Nanaimo,5062518
223,Embry Riddle Aeronautical University,Clinical Data,5062568
129,Empirix,Coach USA,5062581
3,EMS (Engineered Materials Solutions),Coburn Technologies,5062591
383,Endeavor Robotics,COCC,5062593
412,Endeavor Robotics Help Desk,Cognex Corporation,5062600
349,EntryPoint Consulting,Coinstar,5062604
361,Eppendorf,Cole Haan,5062609
431,ETM Electromatic,Cole Parmer,5062610
432,Everbridge,Color Kinetics,5062619
494,Exact Cloud Development,Columbia University Medical Center,5062628
276,Fabricut Inc,Community Health Center,5062650
433,Factset,Community Health Network of CT,5062651
98,Fallon Clinic,Community Reach Center Inc,5062652
224,Family Video,Comprehensive Care Management,5062662
112,Federal Home Loan Bank of Boston,Conformis,5062684
11,Ferrotec,Connecticut College,5062692
307,Five Star,Connecture,5062694
128,Flinn Scientific,Consensus Corp,5062700
149,Forrester Research,Consigli Construction,5062704
434,Freight Handlers Inc,Consulting Brokers,5062714
380,Frisbie Memorial Hospital,Consumer United,5062715
486,Garden of Life,ContinuServe,5062721
15,"Gartner, Inc.",Copyright Clearance Center,5062743
193,Gazelle (Second Rotation),Corporate IT Solutions,5062760
189,"Genomic Health, Inc.",Corrugated Services,5062765
335,Glaceau,Cosi,5062773
143,Glass Lewis and Co LLC,Coveris,5062785
435,Global Blood Therapeutics,Crane Payment Innovations,5062797
99,Global Knowledge,Crosley Brands,5062810
201,GlobiTech,Crossbeam Systems Inc.,5062814
436,Glovis Alabama,Crown Awards,5062818
199,Golf Warehouse,Crunchtime Solutions,5062822
264,"Good Start Genetics, Inc.",Cumberland Farms,5062829
111,Goodrich Corporation,Curaspan,5062834
321,Grace Kennedy Remittance,Curran Mgmt - InnSeasons,5062836
29,Grand Circle Corporation,Cynosure,5062860
437,Grand Junction ,CYTYC,5062864
20,Granite Telecommunications,D3 Security Management Systems Inc.,5062869
259,Greater Baltimore Medical Center,Dana Farber,5062880
336,Green Mountain Power,Dannon,5062882
373,Gryphon Networks Corp,DAP Products Inc.,5062884
478,Gryphon Networks Help Desk,Dassian,5062890
77,GSI Lumonics Inc,Datalytics,5062897
365,Gulf Oil LP,Dataprise,5062899
372,Gulf Oil LP Help Desk,DaVita Inc.,5062909
500,Hallmark Financial,Daymon Worldwide,5062911
438,Hargray,De Lage Laden,5062919
395,Harman,Decision Resources,5062929
202,Harvard Business Publishing,Dell Computer Corporation,5062942
368,Harvard Pilgrim Healthcare,Delta Education,5062952
299,HB Communications,Delta Faucet,5062953
374,HDI Solutions,Dematic (former HK Systems),5062955
320,Health Informations Designs,Demoulas Market Basket,5062957
16,HealthAlliance,Dentaquest,5062962
146,HealthEdge Software Inc,Design Within Reach,5062980
491,Hope Global,Desjardins,5062982
183,Humedica,Dickey-john,5063007
100,Hypertherm,Docupace Technologies,5063040
350,i3 Electronics,Dorman Products Inc.,5063049
101,IDEC Corporation,Dormitory Authority State of NY,5063050
503,Imagine Communications,DRS,5063072
55,IMMI,DSM iHealth,5063080
44,IMS Health Incorporated,DSM iHealth (formally Amerifit),5063081
379,Incyte Corporation,DSW Shoes,5063082
238,Indianapolis Power and Light,Dunkin' Brands,5063091
439,IndustrySafe,DuPont Teijin Films,5063095
145,"Infopia, Inc.",Dusa Pharmaceuticals,5063098
440,InkFrog,Dyax,5063100
477,InsureZone,Dyno Nobel,5063108
4,International Power,Eaton Corporation,5063139
79,"International Registries, Inc (IRI)",Ebsco Information Services,5063144
483,Interval ILG Inc.,Eclipsys,5063150
278,IQE,Edge Technology Group,5063159
156,iRobot,Education Credit Management Corporation,5063166
265,"Ironwood Pharmaceuticals, Inc.",Elcom,5063182
225,IS Group,Eliot Community Human Services,5063196
35,iSpatial,Elliot Health System,5063200
39,IST,EMC Corporation,5063206
102,Itape,Emptoris Inc.,5063225
384,Iverify,Endeavor Robotics,5063236
316,"IXYS, Inc",Endurance International,5063240
497,J Crew,Endurance Services Ltd.,5063241
266,Jacksonville Aviation Authority,Energy Services Group Inc.,5063248
275,Jacksonville Transportation Authority,Energy Solutions,5063249
61,JAMES W. SEWALL COMPANY,EnerNoc,5063252
241,JandB Medical Supply,Engineered Materials Solutions,5063254
263,"Jane Street, LLC",Ensign Facility Services Inc.,5063270
103,JDRF,Enterasys,5063274
37,Kadant Web Systems,Entrypoint Consulting,5063280
84,KCI,Epsilon,5063296
213,Keeneland,Equian,5063298
171,Kelly Moore Paint Co Inc,Esec Lending,5063315
82,KEMA,ESPN,5063319
85,Kessler Group,Estee Lauder,5063324
441,Keystone Electronics,Everbridge,5063336
351,Kolbenschmidt,Exact Cloud Development,5063344
19,Kopin Corporation,Excel4Apps,5063348
113,Koyo Corporation,Fabricut,5063377
370,Kwik Trip,Fairbanks Morse Engine,5063382
200,Laborsoft,Fairchild Semiconductor,5063383
115,Lawrence General Hospital,Fallon Clinic,5063387
375,Life Care Services,Fallon Community Health Plan,5063388
405,Life Is Good,Family Video,5063390
337,Lifetime Brands,Faulkner Hospital,5063397
442,LION ,FCCI Insurance,5063400
281,LipoScience Inc,Federal Home Loan Bank of Boston,5063403
443,Liqui-Box,Federal Home Loan Bank of Topeka,5063407
444,Liquid Medium ,FerroTec,5063421
14,LoadSpring,Fidelity Investments - Boston,5063427
445,Logic One Communications,Finch Paper,5063442
338,Logistar,FirstCare,5063476
352,Los Angeles World Airports,FirstService Residential (formerly The Continental Group),5063477
227,Louisville Region Airport Authority,Five Star Quality Care,5063483
236,Lucille Packard Childrens Hospital,Fletcher Allen Health Care,5063491
267,"Lydall, Inc.",Flynn Restaurant Group,5063505
139,m2s,FM Facility Maintenance,5063506
152,Magellan,Forsythe,5063530
353,Maines Paper and Food Service,Foster Miller,5063547
56,ManageForce,Fox Racing,5063552
132,Markem- Imaje,FoxFarm Soil and Fertilizer,5063553
488,Market Track,Franciscan Hospital for Children,5063558
62,Marketing Technology Solutions,Freight Handlers Inc,5063573
378,Mason Companies Inc.,Frisbie Memorial Hospital,5063577
46,Massachusetts Business Association LLC,Fruit of the Loom,5063587
57,Massachusetts General Hospital,Fuel Cell,5063592
151,Master Lock,FujiFilm - Dimatix,5063593
138,MBA LLC,Fusion UV Systems,5063606
446,MCH Strategic Data,Galgon,5063622
496,Medecision,Gavilon,5063638
239,Medical Mutual Insurance Company of Maine,Gaylord Hospital,5063640
174,Meguiars Inc,GE Capital Solutions,5063647
130,"Mercury Computer Systems, Inc",GEM Group,5063658
53,Meridian,Genband,5063662
294,Merrimack Pharmaceuticals Inc,General Dynamics C4 Systems,5063668
273,Mesa Air Group,Genomic Health Inc.,5063679
447,Metabolon,Genzyme,5063684
354,Metalcraft of Mayville,Giumarra Bros. Fruit,5063712
505,MetOcean,Global Blood Therapeutics,5063717
86,Mettler-Toledo (Thornton)  ,Globalstar LP,5063731
126,Microbia Precision Engineering,AmeriCredit Financial Services Inc. d/b/a GM Financial  a Delaware Corporation,5063736
60,Microbia/Ironwood Pharmaceuticals,Gold Medal Bakery,5063745
250,Microbilt,Good Start Genetics Inc.,5063759
359,Microsemi,Goodrich,5063762
182,Microsoft,GraceKennedy Money Services,5063773
297,Missouri Department of Transportation,Granite Telecommunications,5063785
144,MKS Instruments,Great Lakes Higher Education Corporation,5063791
109,MMIC (Use Medical Mutual Insurance not this org),Greater Baltimore Medical Center,5063797
154,Mohegan Tribal Government,Green Mountain Power,5063803
396,Moksha8,Greylock Federal Credit Union,5063810
237,Momenta Pharmaceuticals,Gryphon Networks Corp.,5063821
487,Monarch Cement,GTC Biotherapeutics Inc.,5063826
448,Mortara,GTECH Corporation,5063828
87,Mossberg,Guardian Life Insurance,5063829
339,Movilitas,Gulf Oil LP,5063835
397,MPNA FTI North America,Haddon House,5063848
322,MRV Communications,Haemonetics,5063849
228,"MSC Group, Inc.",Hallmark Financial Services,5063856
340,Mueller Sports Medicine,HarborOne,5063869
260,Mueller Systems,HarborOne Bank,5063870
5,National Dentex Corp,Harman International Industries Inc.,5063877
229,National Marrow,Hartford Healthcare,5063889
272,Nationwide Laboratory Services,Harvard Bioscience,5063890
398,Natural Organics Inc,Harvard Business Publishing,5063891
69,Navic Networks (Microsoft),Harvard Pilgrim Healthcare,5063892
22,NaviMedix,HB Communications,5063913
341,Navman Wireless,HD Supply,5063923
88,NBSC,HDI Solutions,5063924
295,NEC Energy Solutions,Health Alliance,5063927
230,"Netlook, Inc.",Health Informations Designs,5063931
17,NetScout Systems Inc,HealthEdge Software Inc,5063939
7,Network Health,Heery International,5063956
308,New Enterprise Stone and Lime,Heitman,5063957
165,Nifco America,Herber Aircraft,5063975
449,Noosh,HID Global,5063992
41,Norfolk,High Point University,5063997
204,Nova Solar,High Sierra Energy,5063998
277,Novartis Research,Hitachi,5064016
363,OCI Alabama LLC,Hitchiner Manufacturing,5064018
326,OCI Enterprises Solar Power Mission Solar Energy,HollyFrontier Corporation,5064033
450,OFS Brands,Hope Global,5064052
185,Ogin,Horizon Lines,5064055
257,"OneShield, Inc.",Housing Authority of the City of LA,5064067
451,Operating Engineers Funds Inc,Hudson Advisors,5064088
288,Optum,Hudson Hospital,5064089
186,Ora Clinical,Hunter Defense Technologies Inc.,5064103
40,Oracle,Hypertherm,5064117
399,OraSure Technologies,i3 Electronics,5064120
12,Orvis,Igloo Products Corporation,5064138
355,OSIsoft,IMN inc (I Make News Inc),5064160
90,Oxford Global Resources,Impax Laboratories,5064163
198,Paetec Software Corporation,IMS Health,5064164
452,Pan-O-Gold,INC Research,5064165
279,Panduit,Income Research and Management,5064169
245,Parametric Portfolio Associates,Incyte Corporation,5064172
75,Paratek Pharmaceuticals,Independent Bank Corp,5064176
453,PartyLIte,Independent Stationers,5064179
210,Passkey International,Indevus,5064180
454,Paychex,Indianapolis Marion County Public Library,5064183
356,Peavey Electronics,IndustrySafe,5064188
400,Penco Products Inc,Infocus Corporation,5064195
153,Pennsylvania State University,InfoGroup,5064196
131,Perkin Elmer,Infopia,5064198
455,Pferd,ING,5064203
456,PHI,Instrumentation Laboratory,5064236
457,Philadelphia Insurance,InsureZone,5064238
499,Philips Color Kinetics,Integra LifeSciences,5064240
51,PHT,Interactive Data Corporation,5064259
458,Pixar,Internap Networking Services,5064268
459,Playboy ,International Fund For Animal Welfare Inc.,5064275
178,PointRight,International Registries Inc.,5064280
194,POMCO Group,Interval International,5064289
410,Popeyes Louisiana Kitchen,Interwest Mining / Bridger Coal,5064290
203,PostMigrationTest,inVentiv Health,5064300
116,Potpourri Group,IPL,5064310
48,Power Play Development,IQE plc,5064314
150,Power-One,IR + M,5064315
83,Precix,iRobot,5064316
251,PrimeLine Products Inc,Iron Mountain Incorporated,5064317
141,"Protege Software Services, Inc.",Ironwood Pharmaceuticals,5064321
231,Proudfoot,ISO New England,5064327
485,PSA Airlines,Isobar,5064328
50,Puma North America Inc,IST,5064333
271,Pure Insurance,Iteris Inc,5064338
314,Quanex Corporation,Iverify,5064345
124,Questex Media Group,IXIA,5064347
177,Radixx International,IXYS Integrated Circuits Division,5064348
195,RAIT Financial Trust,J & B Medical,5064349
407,Raleigh-Durham Airport Authority,Jacksonville Baptist Medical Center,5064365
362,Rayonier Advanced Materials,Jacksonville Transportation Authority,5064366
104,RDU,Jane Street,5064374
504,ReachLocal,Javelin Pharmaceuticals,5064378
317,Real Alloy,Jewish National Fund,5064397
476,Real Industry Inc,Johnson & Wales Unversity,5064404
460,Realogy ZapLabs,Johnstone Supply,5064411
240,Regeneron Pharmaceuticals,Jones Apparel,5064412
461,ResCap Liquidating Trust,Jordan's Furniture,5064415
292,Resolute Forest Products,Kaiser Aluminum and Chemical,5064435
232,"Restaurant Technologies, Inc.",Kaman,5064437
30,Retail Brand Alliance,Kantar Retail,5064440
54,RoadScholar (Elderhostel),KCI Technologies,5064450
376,Rochester Electronics,KEMA,5064457
47,ROI Solutions,Kicker Stillwater Designs,5064488
120,Rosetta Stone,KPMG,5064531
342,RWD Technologies,Kwik Trip,5064545
197,Sager Electronics,Lakeshore Technical College,5064568
357,Saint Louis Public Schools,Lawrence & Memorial Hospital,5064595
244,Samaritan Health Services,Lawrence General Hospital,5064596
286,Sandoz - Novartis,Lehigh Valley Hospital,5064616
192,SBLI - The Savings Bank Life Ins Co of MA,Lemaitre Vascular,5064617
462,Scantron,Leone Industries,5064621
463,Scrapware,LH Dottie,5064633
179,Screen Actors Guild,Life Care Services LLC,5064639
366,SCT Software,Life is Good Inc,5064642
464,SDN Communications,Lifetime Brands,5064651
243,Seacor Holdings Inc.,LifeTouch,5064652
408,Seaman Corporation,Lin TV,5064660
343,Seiko Instruments,Lincoln Financial Group,5064662
211,Sekisui Diagnostics LLC,Liqui-box,5064677
465,Sephora,Lodging Solutions,5064690
502,Shark Ninja,LogixHealth,5064699
196,Sharyland Utilities,Lonza,5064702
71,Sherwin-Williams Company,Loomis Sayles & Company L.P.,5064708
293,Shiseido,Los Angeles Fire and Police Pensions,5064713
32,Siemens,Los Angeles World Airport,5064716
34,Siemon Company,Louisville Regional Airport Authority,5064722
253,"Sig Sauer, Inc.",Louisville/Jefferson Co Metro Government,5064723
261,Simplicate,Lowell General Hospital,5064727
466,Smiths Microwave,Lower Bucks Hospital,5064729
467,Solis Law ,Lydall,5064754
105,Sonus,M2S,5064765
325,South Shore Mental Health,Magellan,5064782
327,South Shore Mental Health Help Desk,ManageForce,5064797
119,Specialty Catalog,Manhattan Software,5064802
170,Spectranetics,Mapr Technologies,5064809
247,"Spine Wave, Inc.",Markem-Imaje,5064821
18,Sten-Tel,Market Track,5064824
207,Stonehill College,Marvin Windows and Doors,5064842
468,Stratix Corporation,Mason Companies Inc,5064854
206,Suffolk Construction,Mass Housing,5064856
106,Sulzer Pumps Houston Inc,Mass Medical,5064857
315,Sun Country Airlines,Mass Medical Society,5064858
344,Supply Chain Technologies,MassMutual Financial Group,5064866
469,SV Probe,Mastec,5064868
67,Sycamore Networks,Master Lock Co.,5064869
21,SynQor,Mastercard,5064873
233,Talon Systems,Mate Precision Tooling,5064875
160,TCS Managed Services,Mathworks,5064879
122,TechTarget,MDR Fitness Corporation,5064912
284,Tensar Corporation,Medical Mutual Insurance Company,5064931
313,Terex,Mentor Graphics Corporation,5064959
140,The Gem Group (Gem Group),Merchant Warehouse,5064965
291,The RMR Group,Merck & Co. Inc.,5064967
318,Thomas Publishing Company,Mercury Computers,5064969
107,Thornton,Merrimack Pharmaceuticals Inc.,5064984
147,Tii Network Technologies Inc,Metalcraft of Mayville,5064990
6,TJX,MetOcean Telematics,5064994
33,TNT,Metropolitan District Commission,5065001
283,Town Sports International,MGH Development Office,5065012
501,Trading Point,Microbia Precision Engineering,5065028
78,TransAct,Microbilt (CL Verify),5065029
1,"TriCore Solutions, LLC",Middlesex Savings Bank,5065046
42,TriCore Test Org,Millenium Pharmaceuticals Inc,5065057
209,TriCoreOCTTeam,Millipore Corporation,5065063
381,TripAdvisor,Mimecast,5065068
290,TTI Floor Care,MKS Instruments,5065085
492,UAW Retiree Medical Benefits Trust,Modo Eye Wear,5065096
309,UC Berkeley,ModusLink,5065098
234,UC Physicians,Mohawk Paper,5065101
255,UGI Utilities Inc,Moksha8,5065102
409,UHY Advisors,Momenta Pharmaceuticals,5065105
475,Ultra Electronics,Monarch Cement,5065108
80,Unisource Solutions,Morinda,5065119
108,Uno Restaurant Corporation,Mountaire Farms,5065134
157,Uponor,MRV Communications,5065140
190,Uponor Europe,MSC Group Inc.,5065143
181,Valtera,Mueller Systems,5065148
345,Vas Aero,Murphy Hesse Toomey & Lehane,5065159
114,Veracode,National Commercial Data Services,5065186
110,Vermont Transco LLC,National Marrow Donor Program,5065201
64,Vertex Pharmaceuticals Incorporated,National Retail Properties,5065211
312,Veterinary Practice Partners,Nationwide Labs,5065219
68,ViaCell Inc.,Navic Networks,5065223
31,Vicor Corporation,Navillus,5065225
270,Viewpost,NEC Energy Solutions,5065245
235,Virbac Corporation,NetScout Systems Inc.,5065267
242,Von Weise,NeuroMetrix,5065275
169,Wavemark Inc,New England Delta Dental,5065288
268,Webster Bank,New Enterprise Stone and Lime Co.,5065295
364,Welchs,New Jersey Turnpike Authority (NJTA),5065302
172,Wellpartner Inc,New York City Transit,5065309
470,WH Administrators,Newbury Corporation,5065318
246,Winn Companies,Newton Wellesley,5065330
404,Winshuttle,Nifco America,5065347
121,Wiremold/Legrand,NMS Communications,5065359
303,Wolters Kluwer,Noresco,5065374
180,WSP,North Shore Medical Center,5065382
471,Wunderman,Northeast Utilities Service Co.,5065391
262,Wyoming Department of Transportation,Northern California Presbyterian Homes & Services,5065396
289,Xand,Northwestern Energy,5065410
163,Xsigo Systems,Norwell Technology Group,5065415
472,Xtime,Novartis Research,5065423
479,Yamana Gold Inc,NYIT,5065451
28,Yankee Candle,Oakleaf Waste Management LLC,5065462
473,Yanmar,Ocean Spray,5065474
474,YBP GOBI Library Solutions,OCI Alabama LLC (Peroxygens),5065477
367,Yushin,OCI Enterprises (Solar Power and Mission Solar Energy),5065478
214,Zanett,Office Max,5065484
148,Zip Car,Omgeo LLC,5065503
490,Zoom Systems,OnBoard Informatics,5065515
269,Zynga Inc,Oneshield,5065524
,,Onyx Pharmaceuticals,5065532
,,Optoro,5065547
,,OraSure Technologies,5065557
,,Orchard Brands,5065559
,,Oscient Pharmaceuticals,5065575
,,OSI Parmaceuticals,5065579
,,Overland Storage,5065593
,,Oxford Global Resources,5065600
,,Pace Suburban Bus,5065607
,,Palomar Medical,5065622
,,Panduit,5065632
,,Panera Bread,5065633
,,Par4,5065638
,,Parametric Technology Corp.,5065642
,,Paratek Pharmaceuticals Inc.,5065643
,,Park Electrochemical Corp.,5065648
,,Parsons Brinkerhoff,5065657
,,Partners Health System Brighamans & Womens,5065658
,,Partners Health System MGH,5065659
,,PatientsLikeMe,5065663
,,Paychex Inc.,5065669
,,PayU,5065673
,,PC Connection,5065677
,,PCIS,5065680
,,PegaSystems,5065688
,,Penn State University,5065694
,,Pennichuck Water Works,5065695
,,People's United Bank,5065705
,,Pepperidge Farm Inc.,5065709
,,PerkinElmer,5065718
,,Pfizer,5065737
,,PharmaPros Corporation,5065745
,,Philips Electronics,5065755
,,Phillips Healthcare,5065757
,,Phoenix Life Insurance Company,5065761
,,PHT Corporation,5065764
,,Picis / OptumInsight,5065768
,,Pictometry,5065770
,,Pitt Plastics,5065796
,,Playtex Products Inc.,5065813
,,PointRight,5065824
,,Polymedica,5065827
,,Popeyes Louisiana Kitchen Inc.,5065830
,,Port of Oakland California,5065834
,,Portland General Electric,5065836
,,Potpourri Group Inc.,5065842
,,Pratt & Whitney,5065853
,,Precision Response Corporation,5065861
,,Pretium Packaging,5065875
,,Production Resource Group,5065896
,,Prosidion,5065911
,,Proudfoot,5065918
,,PSA Airlines,5065927
,,Psychemedics,5065931
,,Puma North America,5065944
,,Pure Insurance,5065948
,,Qualcare,5065964
,,Quality Health,5065966
,,Quality Health (formally Marketing Technology Solutions/MTS),5065967
,,Quanex Building Products Corporation,5065970
,,Quattro Wireless,5065977
,,Questex Media,5065984
,,Radisys Corporation,5066008
,,RailInc,5066012
,,Raleigh-Durham Airport Authority,5066018
,,Readers Digest,5066042
,,Red Lobster,5066054
,,Reebok International,5066062
,,Regeneron Pharmaceuticals,5066068
,,Reit Management & Research,5066077
,,Reliant Medical Group,5066082
,,Renaissance Insurance,5066085
,,Resolute Forest Products,5066104
,,Retail Convergence,5066115
,,Rimini Street,5066135
,,RiverBend Medical Group,5066144
,,RLJ Entertainment (Image Entertainment),5066150
,,Rochester Electronics,5066158
,,ROI Communications,5066172
,,Rosetta Stone,5066186
,,Ross Simon,5066188
,,RWD Technologies LLC,5066214
,,Sager Electronics,5066231
,,Saint Louis Public Schools,5066237
,,Salem Five,5066240
,,Samaritan Health Services,5066255
,,Samsonite,5066257
,,Samsung USA,5066258
,,Sandals Resorts International,5066270
,,Sandoz,5066273
,,Sappi,5066282
,,SAS Institute,5066287
,,Savearound,5066295
,,Saylent Technologies Inc.,5066299
,,SBLI - The Savings Bank Life Ins Co of MA,5066301
,,SC Direct,5066303
,,Schindler Elevations Corporation,5066307
,,SEACOR Holdings,5066339
,,Sealed Air Corp,5066342
,,Seaman Corporation,5066345
,,Seiko Instruments,5066361
,,Senior Aerospace Metal Bellows,5066375
,,Sensata Technologies,5066380
,,Sentient,5066384
,,Sephora USA,5066386
,,Service America Group (all seasons),5066388
,,SharkNinja,5066402
,,Shields Health Care Group,5066415
,,Short Elliott Hendrickson,5066422
,,Siemens,5066430
,,Siemens Water Technologies Corp,5066433
,,Sig Sauer,5066439
,,Sigma Designs,5066440
,,Sikorsky,5066444
,,Silicon Valley Bank,5066448
,,Simplicate,5066459
,,Skillsoft,5066472
,,Skura - IMS,5066473
,,SmartPak,5066483
,,TRAK Microwave,5066491
,,Softrax,5066506
,,South Shore Mental Health,5066540
,,Southco,5066542
,,Southcoast Health System,5066543
,,Special Metals,5066579
,,Specialty Catalog,5066582
,,SpecialtyCare,5066583
,,Spectralink,5066585
,,Spine Wave Inc.,5066590
,,Sportsman's Guide (aka Golf Warehouse),5066596
,,SRI Surgical,5066606
,,Standard Parking,5066633
,,Stanley Works,5066637
,,Staples Corporation,5066638
,,Starent Networks,5066641
,,Starpoint Solutions,5066643
,,State of Montana,5066661
,,State of Rhode Island,5066669
,,Sterilite,5066700
,,Steward Health Care System LLC,5066707
,,Stonehill College,5066717
,,STP Nuclear Operating Company,5066722
,,Stratix Corporation,5066726
,,Stylesight Inc,5066741
,,Sulzer Pumps Houston Inc.,5066747
,,MN Airlines LLC dba Sun Country Airlines,5066753
,,Sunflower Electric,5066758
,,SunGro,5066762
,,Sunny Delight,5066765
,,Sunovion,5066769
,,SunPower Corporation,5066770
,,Suntron Corporation,5066773
,,Supply Chain Technologies,5066782
,,Symmons,5066802
,,Synarc / BioClinica,5066812
,,SynQor,5066816
,,Talon Systems,5066837
,,Tech Conveyor,5066862
,,Tech Target,5066864
,,Tensar,5066904
,,Textron,5066948
,,The Golf Warehouse,5066978
,,The New York Public Library Astor Lenox,5066996
,,The RMR Group,5067012
,,The Stride Rite Corporation,5067017
,,The Trizetto Group,5067026
,,Thornton Mettler Toledo,5067046
,,TIAA Cref,5067050
,,TierPoint,5067054
,,Timberland,5067056
,,TJX,5067061
,,Total Terminals International,5067090
,,Town Sports International,5067102
,,Trading Point of Financial Instruments,5067110
,,TransAct Technologies Inc,5067117
,,TriCore,5067151
,,Trinity Logistics,5067159
,,TripAdvisor,5067166
,,TTI Floor Care,5067186
,,Turbine Inc.,5067196
,,Twin Dragon Marketing Inc,5067202
,,TyMetrix,5067206
,,UAW Retiree Medical Benefits Trust,5067210
,,UC Physicians,5067213
,,UHY Advisors,5067217
,,Uline,5067219
,,Ultra Electronics,5067223
,,UMass-Dartmouth,5067229
,,Unica Software,5067233
,,Unifirst,5067237
,,United Illuminating,5067254
,,United Liquors,5067256
,,United Nations Federal Credit Union,5067258
,,United Natural Foods,5067259
,,United Technologies Corporation,5067272
,,United Water Resources,5067275
,,UnitedHealth Group,5067282
,,University of Connecticut,5067310
,,Unknown,5067358
,,Unum,5067359
,,Usana,5067376
,,Utah Transit Authority,5067382
,,Valtera Corporation,5067397
,,ValueOptions,5067399
,,Veracode,5067425
,,Veterinary Practice Partners,5067445
,,ViaCord Inc,5067449
,,Virbac Corporation,5067467
,,Virtela Communications,5067476
,,Vision Appraisal Technology,5067482
,,Von Weise (KPH Holdings),5067499
,,Vornex,5067500
,,Warner Bros.-Turbine Inc.,5067530
,,Washington Trust Bancorp,5067533
,,Waters Corporation,5067540
,,WaveMark Inc,5067542
,,WB Mason,5067547
,,Webroot Software,5067555
,,Webster Bank,5067557
,,Weetabix,5067559
,,Welch's,5067567
,,WellPet,5067570
,,Westport Petroleum Inc,5067610
,,Wind Corporation,5067643
,,Winshuttle,5067653
,,Wiremold,5067654
,,Wolters Kluwer,5067659
,,Working Planet,5067671
,,World Travel Holdings,5067679
,,Wyoming DOT,5067694
,,Xerox Corporation,5067701
,,XL Group,5067706
,,Yale New Haven Health,5067715
,,Yamana Gold,5067716
,,Yankee Candle,5067717
,,Yankee Candle Company,5067718
,,Yushin,5067738
,,Zarlink Semiconductor,5067747
,,Zip Car,5067763
,,Zoom Systems,5067770
,,3V Solutions,5067775
,,Aavid Thermalloy,5067776
,,Aeris Communications,5067777
,,Agensys,5067778
,,Airvana,5067779
,,American Air Filter,5067780
,,American Board of Internal Medicine,5067781
,,American Greetings,5067782
,,American Renal Associates,5067783
,,American Seafoods,5067784
,,Amtrol Inc.,5067785
,,Andrew Peller Limited,5067786
,,Arzon (Amonix),5067787
,,Atrium Medical,5067788
,,Avid Technology,5067789
,,Beluga Ventures,5067790
,,Birch Communications,5067791
,,Bissell Homecare,5067792
,,Boart Longyear,5067793
,,Brewster Home Fashions,5067794
,,Brueggers Enterprises Inc.,5067795
,,BullsEye Telecom,5067796
,,Calloway Labs,5067797
,,CardioDX,5067798
,,CDI Corp,5067799
,,Charter Manufacturing,5067800
,,Cirrus Aircraft,5067801
,,CNL Financial Group,5067802
,,CNL LifeStyle Company LLC,5067803
,,Cole-Parmer,5067804
,,Color Spot Nurseries,5067805
,,Colorado Department of Transportation,5067806
,,Converge,5067807
,,Cross Country Automotive Group,5067808
,,Cubist Pharmaceuticals Inc.,5067809
,,Cybex International,5067810
,,Day & Zimmermann Group,5067811
,,Doc-tor.com,5067812
,,Eastern Bank,5067813
,,Eaton Vance,5067814
,,EMC - Parametric,5067815
,,Empirix,5067816
,,Enstar (US) Inc.,5067817
,,ERAU,5067818
,,ETM Electromatic,5067819
,,Flightstar Aircraft Services,5067820
,,Flinn Scientific,5067821
,,Forrester Research Inc.,5067822
,,Gartner Inc.,5067823
,,Gazelle Inc.,5067824
,,Glass Lewis & Co,5067825
,,GlobiTech,5067826
,,Glovis AL LLC,5067827
,,Glovis GA LLC,5067828
,,Grand Circle Corporation,5067829
,,Grand Junction,5067830
,,GSI Group,5067831
,,Hargray Communications,5067832
,,HSA Insurance/NFP Health (MBA),5067833
,,Humedica,5067834
,,IDEC Corporation,5067835
,,IMMI,5067836
,,Jacksonville Aviation Authority,5067837
,,Kelly-Moore Paint Co Inc,5067838
,,Kessler Group,5067839
,,Kolbenschmidt,5067840
,,Kopin,5067841
,,Koyo Corporation,5067842
,,LipoScience Inc,5067843
,,Maines Paper & Food Service,5067844
,,MCH Strategic Data,5067845
,,Meguiar's,5067846
,,Mesa Air,5067847
,,Missouri Dept. of Transportation,5067848
,,Mohegan Tribe,5067849
,,Mossberg,5067850
,,Movilitas,5067851
,,Mueller Sports Medicine,5067852
,,National Dentex Corp,5067853
,,Navman Wireless Holdings,5067854
,,NetWork Health,5067855
,,New Brunswick Scientific,5067856
,,Noosh,5067857
,,Nova Solar,5067858
,,OFS Brands,5067859
,,Ogin,5067860
,,Ora Clinical,5067861
,,OSIsoft LLC,5067862
,,PartyLite,5067863
,,Passkey International,5067864
,,Peavey Electronics Corporation,5067865
,,PHI Inc.,5067866
,,Pixar,5067867
,,Pomco Group,5067868
,,Power One,5067869
,,Precix,5067870
,,PrimeLine Products,5067871
,,Radixx International,5067872
,,RAIT Financial Trust,5067873
,,Real Alloy,5067874
,,Real Industry,5067875
,,Restaurant Technologies Inc,5067876
,,RoadScholar (Elderhostel),5067877
,,SAG-AFTRA,5067878
,,Sekisui Diagnostics LLC,5067879
,,Sharyland Utilities,5067880
,,Sherwin-Williams Company,5067881
,,Siemon,5067882
,,Sonus Networks,5067883
,,Spectranetics,5067884
,,Suffolk Construction,5067885
,,Sycamore Networks,5067886
,,Terex,5067887
,,Thomas Publishing Company,5067888
,,tii Network Technologies Inc.,5067889
,,UGI Utilities,5067890
,,UniSource Solutions,5067891
,,Uno Restaurant Corp.,5067892
,,Uponor Business Solutions Oy,5067893
,,Uponor North America Inc,5067894
,,VAS Aero,5067895
,,Velco,5067896
,,Vertex Pharmaceuticals,5067897
,,Vicor,5067898
,,Viewpost,5067899
,,Wellpartner Inc,5067900
,,Wunderman Data Management LLC,5067901
,,Xsigo Systems,5067902
,,Yanmar Compact Germany GmbH,5067903
,,YBP Library,5067904
,,Zynga Game Network Inc,5067905
,,3V Solutions - Glaceau Corp,5067971
,,Akron Beacon Journal,5067972
,,Aravo Solutions Inc,5067973
,,Autodesk,5067974
,,Butler Supply Inc,5067975
,,Checkview Corporation,5067976
,,CSS Impact,5067977
,,Distribution-Publications Inc.,5067978
,,Dominion Resources Inc.,5067979
,,Ernst & Young (Logistar Solutions),5067980
,,Factset Research Systems Inc.,5067981
,,Haas Group International,5067982
,,Inkfrog Inc,5067983
,,Innovabee GmbH,5067984
,,MediaNews Group Inc,5067985
,,Metabolon,5067986
,,Natural Organics Inc,5067987
,,Operating Engineers Funds Inc,5067988
,,Pan-O-Gold,5067989
,,Penco  Products,5067990
,,Philadelphia Insurance Co,5067991
,,Quad/Graphics,5067992
,,Scantron Corporation,5067993
,,Scrapware,5067994
,,SDN Communications,5067995
,,Xtime Inc,5067996
,,Zip Realty,5067997
,,Optum Insight,5073814
,,UC Berkeley,5073815
,,Takeda Pharmaceutical,5073816