1,"TriCore Solutions, LLC"
2,Ciner Resources Corporation
3,EMS (Engineered Materials Solutions)
4,International Power
5,National Dentex Corp
6,TJX
7,Network Health
8,Alkermes Inc
9,Delta
10,Aavid Thermalloy
11,Ferrotec
12,Orvis
13,Champion Exposition Services
14,LoadSpring
15,"Gartner, Inc."
16,HealthAlliance
17,NetScout Systems Inc
18,Sten-Tel
19,Kopin Corporation
20,Granite Telecommunications
21,SynQor
22,NaviMedix
23,Andrew
24,"Crossbeam Systems, Inc."
25,Color Kinetics (Phillips)
26,ACT
27,American BioPhysics
28,Yankee Candle
29,Grand Circle Corporation
30,Retail Brand Alliance
31,Vicor Corporation
32,Siemens
33,TNT
34,Siemon Company
35,iSpatial
36,Atrium Medical Corporation
37,Kadant Web Systems
38,A123 Systems
39,IST
40,Oracle
41,Norfolk
42,TriCore Test Org
43,CFG (Cumberland Farms)
44,IMS Health Incorporated
45,Bridgewater State College
46,Massachusetts Business Association LLC
47,ROI Solutions
48,Power Play Development
49,"Antigenics (Agenus, Inc.)"
50,Puma North America Inc
51,PHT
52,Cybex International
53,Meridian
54,RoadScholar (Elderhostel)
55,IMMI
56,ManageForce
57,Massachusetts General Hospital
58,BUXTON
59,Brigham and Womans Hospital
60,Microbia/Ironwood Pharmaceuticals
61,JAMES W. SEWALL COMPANY
62,Marketing Technology Solutions
63,Cruise One
64,Vertex Pharmaceuticals Incorporated
65,American Insulated Wire
66,Cadec
67,Sycamore Networks
68,ViaCell Inc.
69,Navic Networks (Microsoft)
70,"Brueggers Enterprises, Inc."
71,Sherwin-Williams Company
72,Agero
73,Calloway Labs
74,Eastern Bank
75,Paratek Pharmaceuticals
76,ATG
77,GSI Lumonics Inc
78,TransAct
79,"International Registries, Inc (IRI)"
80,Unisource Solutions
81,American Greetings
82,KEMA
83,Precix
84,KCI
85,Kessler Group
86,Mettler-Toledo (Thornton)  
87,Mossberg
88,NBSC
89,Astellas
90,Oxford Global Resources
91,AlphaGary Corporation
92,"Amphenol, PCD, Inc."
93,"Amtrol, Inc."
94,Boston Acoustics
95,Coface
96,Cytyc
97,Delorme
98,Fallon Clinic
99,Global Knowledge
100,Hypertherm
101,IDEC Corporation
102,Itape
103,JDRF
104,RDU
105,Sonus
106,Sulzer Pumps Houston Inc
107,Thornton
108,Uno Restaurant Corporation
109,MMIC (Use Medical Mutual Insurance not this org)
110,Vermont Transco LLC
111,Goodrich Corporation
112,Federal Home Loan Bank of Boston
113,Koyo Corporation
114,Veracode
115,Lawrence General Hospital
116,Potpourri Group
117,Demo Company
118,"CP Clare, Inc."
119,Specialty Catalog
120,Rosetta Stone
121,Wiremold/Legrand
122,TechTarget
123,"Beluga Ventures, LLC"
124,Questex Media Group
125,Biomet 3i
126,Microbia Precision Engineering
127,D3 Security Inc
128,Flinn Scientific
129,Empirix
130,"Mercury Computer Systems, Inc"
131,Perkin Elmer
132,Markem- Imaje
133,Bradford Soap
134,Cubist
135,Avid Technology
136,Avidyne Corporation
137,American Renal Associates
138,MBA LLC
139,m2s
140,The Gem Group (Gem Group)
141,"Protege Software Services, Inc."
142,Charter Steel
143,Glass Lewis and Co LLC
144,MKS Instruments
145,"Infopia, Inc."
146,HealthEdge Software Inc
147,Tii Network Technologies Inc
148,Zip Car
149,Forrester Research
150,Power-One
151,Master Lock
152,Magellan
153,Pennsylvania State University
154,Mohegan Tribal Government
155,Carroll Enterprises Inc
156,iRobot
157,Uponor
158,AMLI
159,Converge Global Trading
160,TCS Managed Services
161,Biogen IDEC
162,Clarendon Insurance
163,Xsigo Systems
164,"CNL Lifestyle Company, LLC"
165,Nifco America
166,Baystate Health
167,Bracebridge
168,"CBeyond Communications, LLC"
169,Wavemark Inc
170,Spectranetics
171,Kelly Moore Paint Co Inc
172,Wellpartner Inc
173,Eaton Vance
174,Meguiars Inc
175,"CL Verify, LLC"
176,Andrew Peller Limited
177,Radixx International
178,PointRight
179,Screen Actors Guild
180,WSP
181,Valtera
182,Microsoft
183,Humedica
184,Dover Corporation
185,Ogin
186,Ora Clinical
187,Agios Pharmaceuticals
188,Defunct (Avid Tech)
189,"Genomic Health, Inc."
190,Uponor Europe
191,CNL Financial Group
192,SBLI - The Savings Bank Life Ins Co of MA
193,Gazelle (Second Rotation)
194,POMCO Group
195,RAIT Financial Trust
196,Sharyland Utilities
197,Sager Electronics
198,Paetec Software Corporation
199,Golf Warehouse
200,Laborsoft
201,GlobiTech
202,Harvard Business Publishing
203,PostMigrationTest
204,Nova Solar
205,"Brooks Automation, Inc."
206,Suffolk Construction
207,Stonehill College
208,Amonix
209,TriCoreOCTTeam
210,Passkey International
211,Sekisui Diagnostics LLC
212,Citizens Energy Group
213,Keeneland
214,Zanett
215,Childrens National Medical Center
216,Catholic Social Services
217,"Apperian, Inc."
218,"AGY, LLC"
219,Amerifit
220,Banca IMI Securities Corp
221,Cedar Fair
222,City of Indianapolis
223,Embry Riddle Aeronautical University
224,Family Video
225,IS Group
226,"Baptist Health Systems, Inc."
227,Louisville Region Airport Authority
228,"MSC Group, Inc."
229,National Marrow
230,"Netlook, Inc."
231,Proudfoot
232,"Restaurant Technologies, Inc."
233,Talon Systems
234,UC Physicians
235,Virbac Corporation
236,Lucille Packard Childrens Hospital
237,Momenta Pharmaceuticals
238,Indianapolis Power and Light
239,Medical Mutual Insurance Company of Maine
240,Regeneron Pharmaceuticals
241,JandB Medical Supply
242,Von Weise
243,Seacor Holdings Inc.
244,Samaritan Health Services
245,Parametric Portfolio Associates
246,Winn Companies
247,"Spine Wave, Inc."
248,Boston Healthcare for the Homeless
249,"Agensys, Inc."
250,Microbilt
251,PrimeLine Products Inc
252,Boart Longyear
253,"Sig Sauer, Inc."
254,"Bissell Homecare, Inc."
255,UGI Utilities Inc
256,CardioDX
257,"OneShield, Inc."
258,Allegro MicroSystems Inc.
259,Greater Baltimore Medical Center
260,Mueller Systems
261,Simplicate
262,Wyoming Department of Transportation
263,"Jane Street, LLC"
264,"Good Start Genetics, Inc."
265,"Ironwood Pharmaceuticals, Inc."
266,Jacksonville Aviation Authority
267,"Lydall, Inc."
268,Webster Bank
269,Zynga Inc
270,Viewpost
271,Pure Insurance
272,Nationwide Laboratory Services
273,Mesa Air Group
274,B456 Systems Inc
275,Jacksonville Transportation Authority
276,Fabricut Inc
277,Novartis Research
278,IQE
279,Panduit
280,Brake Parts Inc
281,LipoScience Inc
282,Catuogno Court Reporting Inc
283,Town Sports International
284,Tensar Corporation
285,Arby's Restaurant Group
286,Sandoz - Novartis
287,Danone Foods Inc
288,Optum
289,Xand
290,TTI Floor Care
291,The RMR Group
292,Resolute Forest Products
293,Shiseido
294,Merrimack Pharmaceuticals Inc
295,NEC Energy Solutions
296,ACGI Software
297,Missouri Department of Transportation
298,Akamai
299,HB Communications
300,Aspen Aerogels
301,Adams 14
302,Array BioPharma Inc
303,Wolters Kluwer
304,Cole Parmer
305,Cosi
306,Ariad Pharmaceuticals
307,Five Star
308,New Enterprise Stone and Lime
309,UC Berkeley
310,Cole Parmer End Users
311,Copyright Clearance Center
312,Veterinary Practice Partners
313,Terex
314,Quanex Corporation
315,Sun Country Airlines
316,"IXYS, Inc"
317,Real Alloy
318,Thomas Publishing Company
319,Airvana
320,Health Informations Designs
321,Grace Kennedy Remittance
322,MRV Communications
323,Community Health Center
324,Berkshire Group
325,South Shore Mental Health
326,OCI Enterprises Solar Power Mission Solar Energy
327,South Shore Mental Health Help Desk
328,Bowling Green
329,Berkshire Group Help Desk
330,American Air Filter
331,Catalyst Paper Corporation
332,Colorado Department of Transportation
333,Color Spot Nurseries
334,Dassian
335,Glaceau
336,Green Mountain Power
337,Lifetime Brands
338,Logistar
339,Movilitas
340,Mueller Sports Medicine
341,Navman Wireless
342,RWD Technologies
343,Seiko Instruments
344,Supply Chain Technologies
345,Vas Aero
346,3V Solutions
347,City of Nanaimo
348,Consensus
349,EntryPoint Consulting
350,i3 Electronics
351,Kolbenschmidt
352,Los Angeles World Airports
353,Maines Paper and Food Service
354,Metalcraft of Mayville
355,OSIsoft
356,Peavey Electronics
357,Saint Louis Public Schools
358,Day and Zimmermann
359,Microsemi
360,Aquatech
361,Eppendorf
362,Rayonier Advanced Materials
363,OCI Alabama LLC
364,Welchs
365,Gulf Oil LP
366,SCT Software
367,Yushin
368,Harvard Pilgrim Healthcare
369,American Seafood Group
370,Kwik Trip
371,Aspen Technology Inc
372,Gulf Oil LP Help Desk
373,Gryphon Networks Corp
374,HDI Solutions
375,Life Care Services
376,Rochester Electronics
377,Brewster Home Fashions
378,Mason Companies Inc.
379,Incyte Corporation
380,Frisbie Memorial Hospital
381,TripAdvisor
382,Docupace Technologies
383,Endeavor Robotics
384,Iverify
385,Ateeco Inc
386,Banks Holdings Limited
387,Butler Supply
388,BWAY Corporation
390,Checkview
391,Dominion Resources Services Inc
392,Dorman Products Enterprise
393,DuPont Teijin Films UK Ltd
394,Dyno Nobel
395,Harman
396,Moksha8
397,MPNA FTI North America
398,Natural Organics Inc
399,OraSure Technologies
400,Penco Products Inc
401,Columbia University Medical Center
402,Eaton
403,Clear Process Solutions
404,Winshuttle
405,Life Is Good
406,Cambridge Isotope Laboratories
407,Raleigh-Durham Airport Authority
408,Seaman Corporation
409,UHY Advisors
410,Popeyes Louisiana Kitchen
411,Adhesives Research
412,Endeavor Robotics Help Desk
413,ABIM
414,Aeris
415,Akron Beacon Journal
416,Aravo 
417,Ascent
418,Autodesk 
419,BioClinica
420,BullsEye 
421,Catbird
422,Century Aluminium
423,Cirrus Aircraft
424,Codexis
425,Customer Contact Services
426,CSS
427,Dicerna
428,Digital First Media News
429,Distribution Publications Inc
430,Doc-tor.com
431,ETM Electromatic
432,Everbridge
433,Factset
434,Freight Handlers Inc
435,Global Blood Therapeutics
436,Glovis Alabama
437,Grand Junction 
438,Hargray
439,IndustrySafe
440,InkFrog
441,Keystone Electronics
442,LION 
443,Liqui-Box
444,Liquid Medium 
445,Logic One Communications
446,MCH Strategic Data
447,Metabolon
448,Mortara
449,Noosh
450,OFS Brands
451,Operating Engineers Funds Inc
452,Pan-O-Gold
453,PartyLIte
454,Paychex
455,Pferd
456,PHI
457,Philadelphia Insurance
458,Pixar
459,Playboy 
460,Realogy ZapLabs
461,ResCap Liquidating Trust
462,Scantron
463,Scrapware
464,SDN Communications
465,Sephora
466,Smiths Microwave
467,Solis Law 
468,Stratix Corporation
469,SV Probe
470,WH Administrators
471,Wunderman
472,Xtime
473,Yanmar
474,YBP GOBI Library Solutions
475,Ultra Electronics
476,Real Industry Inc
477,InsureZone
478,Gryphon Networks Help Desk
479,Yamana Gold Inc
480,Davita
481,Appriss
482,Deere-Hitachi
483,Interval ILG Inc.
484,CSS Impact
485,PSA Airlines
486,Garden of Life
487,Monarch Cement
488,Market Track
489,Cascade Pacific Pulp LLC
490,Zoom Systems
491,Hope Global
492,UAW Retiree Medical Benefits Trust
493,Coinstar
494,Exact Cloud Development
495,Community Reach Center
496,Medecision
497,J Crew
498,Coveris
499,Philips Color Kinetics
500,Hallmark Financial
501,Trading Point
502,Shark Ninja
503,Imagine Communications
504,ReachLocal
505,MetOcean