Organization,CMS ID,IssueTrak ID
3rp,5061203,
a.t. cross,5061213,
a123 systems,5061219,38
aaa southern new england,5061221,
abt associates,5061246,
acadaca,5061248,
acceleron pharma,5061252,
accesso,5061259,
acgi,5061273,
aci worldwide,5061275,
acushnet,5061301,
adams 14,5061303,301
adhesives research inc,5061308,
advanstar communications inc,5061325,
aetna incorporated,5061343,
agencourt bioscience,5061356,
agenus inc.,5061357,
agero,5061358,72
agios pharmaceuticals,5061360,187
ajc international,5061382,
akamai technologies,5061385,
alco stores,5061402,
alertlogic,5061414,
alkermes inc.,5061424,
allegro microsystems,5061433,
allianz global investors,5061446,
alphagary corporation,5061464,91
alstom power,5061469,
altra industrial motion,5061476,
amec earth & environmental,5061491,
american insulated wire,5061529,65
american management association,5061532,
american science and engineering,5061542,
amerinet,5061558,
ametek aerospace,5061566,
amli,5061571,158
amphnol tms,5061578,
anchor packaging,5061592,
andera,5061594,
angelica textile services,5061601,
anika pharmaceuticals,5061603,
apperian,5061621,
apps associates,5061632,
arbella mutual insurance group co.,5061643,
arby's restaurant group,5061648,285
ariad pharmaceuticals,5061668,306
arlington public schools,5061675,
array biopharma inc.,5061681,
arrow electronics inc.,5061682,
art technology group,5061687,
arthur j. gallagher,5061690,
ascent techcnology inc.,5061700,
aspen technology inc,5061710,371
associated environmental systems-bma,5061717,
associated press,5061719,
astellas,5061725,89
astm international,5061728,
ateeco inc.,5061738,
atlantic tele-network,5061748,
atrius health,5061758,
authorize.net (formerly lightbridge),5061767,
aviation technical services (formerly goodrich),5061789,
avidyne corporation,5061790,136
axcelis,5061797,
azz inc,5061804,
b456,5061809,
back bay restaurant group inc.,5061814,
bain,5061820,
banca imi securities corp,5061835,220
bank holdings limited,5061841,
baptist health south florida,5061846,
barrick gold,5061861,
barry controls,5061862,
bauer hockey,5061872,
baystate health,5061882,166
baystate health inc.,5061883,
bcbs of ma,5061893,
bcg,5061895,
beacon mutual,5061900,
bellevue university,5061921,
benjamin moore & co.,5061932,
bentley pharmaceuticals,5061936,
berkshire group llc,5061938,
berkshire hills bankcorp,5061939,
berkshire life insurance company,5061940,
berry pack,5061941,
bertucci's,5061943,
best buy,5061946,
bigband networks,5061968,
binghamton university,5061974,
biogen idec,5061979,161
biomet 3i,5061984,125
biosphere medical,5061987,
bioverativ,5061990,
bj's wholesale,5061996,
bjg electronics,5061997,
blacksmith applications,5062007,
blue cross blue shield of rhode island,5062018,
bmchp,5062026,
bose,5062053,
boston healthcare for the homeless,5062059,248
boston properties,5062065,
bowling green,5062074,328
bracebridge capital llc,5062080,
bradford,5062081,
bradford soap,5062082,133
brake parts inc.,5062086,
breville,5062099,
bridgewater state university,5062104,
brigham and women's,5062109,
bright horizons,5062111,
brightsource energy,5062114,
brooks automation inc.,5062133,
brooks instruments,5062134,
brother international,5062142,
build-a-bear,5062161,
buxton,5062183,58
buzzi unicem usa,5062184,
bway corporation,5062185,388
c&s wholesale grocers,5062195,
cabot,5062202,
cabot corp,5062203,
cadec,5062204,66
caliper life sciences,5062222,
calix networks,5062224,
cambridge associates llc,5062234,
cambridge isotope laboratories inc.,5062236,
candela corp,5062248,
care new england,5062283,
carestream health inc.,5062290,
carroll enterprises inc.,5062303,
cascade pacific pulp llc,5062310,489
casual male,5062321,
catalyst paper corporation,5062324,331
catholic human services,5062329,
catuogno,5062332,
cei corporation,5062346,
cell therapeutics,5062354,
centrify,5062371,
century aluminum,5062374,
ceres inc,5062378,
champlain college,5062393,
charles river labs,5062398,
chippewa valley technical college,5062437,
chittenden bank - people's bank in ct,5062439,
cianbro,5062451,
cigna,5062455,
ciner resources corporation (oci chemical),5062459,
citizens energy group,5062466,212
citizens property insurance corporation,5062468,
city and county of denver,5062471,
city of chattanooga,5062483,
city of indianapolis/marion county,5062500,
city of nanaimo,5062518,347
clinical data,5062568,
coach usa,5062581,
coburn technologies,5062591,
cocc,5062593,
cognex corporation,5062600,
coinstar,5062604,493
cole haan,5062609,
cole parmer,5062610,304
color kinetics,5062619,
columbia university medical center,5062628,401
community health center,5062650,323
community health network of ct,5062651,
community reach center inc,5062652,
comprehensive care management,5062662,
conformis,5062684,
connecticut college,5062692,
connecture,5062694,
consensus corp,5062700,
consigli construction,5062704,
consulting brokers,5062714,
consumer united,5062715,
continuserve,5062721,
copyright clearance center,5062743,311
corporate it solutions,5062760,
corrugated services,5062765,
cosi,5062773,305
coveris,5062785,498
crane payment innovations,5062797,
crosley brands,5062810,
crossbeam systems inc.,5062814,
crown awards,5062818,
crunchtime solutions,5062822,
cumberland farms,5062829,
curaspan,5062834,
curran mgmt - innseasons,5062836,
cynosure,5062860,
cytyc,5062864,96
d3 security management systems inc.,5062869,
dana farber,5062880,
dannon,5062882,
dap products inc.,5062884,
dassian,5062890,334
datalytics,5062897,
dataprise,5062899,
davita inc.,5062909,
daymon worldwide,5062911,
de lage laden,5062919,
decision resources,5062929,
dell computer corporation,5062942,
delta education,5062952,
delta faucet,5062953,
dematic (former hk systems),5062955,
demoulas market basket,5062957,
dentaquest,5062962,
design within reach,5062980,
desjardins,5062982,
dickey-john,5063007,
docupace technologies,5063040,382
dorman products inc.,5063049,
dormitory authority state of ny,5063050,
drs,5063072,
dsm ihealth,5063080,
dsm ihealth (formally amerifit),5063081,
dsw shoes,5063082,
dunkin' brands,5063091,
dupont teijin films,5063095,
dusa pharmaceuticals,5063098,
dyax,5063100,
dyno nobel,5063108,394
eaton corporation,5063139,
ebsco information services,5063144,
eclipsys,5063150,
edge technology group,5063159,
education credit management corporation,5063166,
elcom,5063182,
eliot community human services,5063196,
elliot health system,5063200,
emc corporation,5063206,
emptoris inc.,5063225,
endeavor robotics,5063236,383
endurance international,5063240,
endurance services ltd.,5063241,
energy services group inc.,5063248,
energy solutions,5063249,
enernoc,5063252,
engineered materials solutions,5063254,
ensign facility services inc.,5063270,
enterasys,5063274,
entrypoint consulting,5063280,349
epsilon,5063296,
equian,5063298,
esec lending,5063315,
espn,5063319,
estee lauder,5063324,
everbridge,5063336,432
exact cloud development,5063344,494
excel4apps,5063348,
fabricut,5063377,
fairbanks morse engine,5063382,
fairchild semiconductor,5063383,
fallon clinic,5063387,98
fallon community health plan,5063388,
family video,5063390,224
faulkner hospital,5063397,
fcci insurance,5063400,
federal home loan bank of boston,5063403,112
federal home loan bank of topeka,5063407,
ferrotec,5063421,11
fidelity investments - boston,5063427,
finch paper,5063442,
firstcare,5063476,
firstservice residential (formerly the continental group),5063477,
five star quality care,5063483,
fletcher allen health care,5063491,
flynn restaurant group,5063505,
fm facility maintenance,5063506,
forsythe,5063530,
foster miller,5063547,
fox racing,5063552,
foxfarm soil and fertilizer,5063553,
franciscan hospital for children,5063558,
freight handlers inc,5063573,434
frisbie memorial hospital,5063577,380
fruit of the loom,5063587,
fuel cell,5063592,
fujifilm - dimatix,5063593,
fusion uv systems,5063606,
galgon,5063622,
gavilon,5063638,
gaylord hospital,5063640,
ge capital solutions,5063647,
gem group,5063658,
genband,5063662,
general dynamics c4 systems,5063668,
genomic health inc.,5063679,
genzyme,5063684,
giumarra bros. fruit,5063712,
global blood therapeutics,5063717,435
globalstar lp,5063731,
americredit financial services inc. d/b/a gm financial  a delaware corporation,5063736,
gold medal bakery,5063745,
good start genetics inc.,5063759,
goodrich,5063762,
gracekennedy money services,5063773,
granite telecommunications,5063785,20
great lakes higher education corporation,5063791,
greater baltimore medical center,5063797,259
green mountain power,5063803,336
greylock federal credit union,5063810,
gryphon networks corp.,5063821,
gtc biotherapeutics inc.,5063826,
gtech corporation,5063828,
guardian life insurance,5063829,
gulf oil lp,5063835,365
haddon house,5063848,
haemonetics,5063849,
hallmark financial services,5063856,
harborone,5063869,
harborone bank,5063870,
harman international industries inc.,5063877,
hartford healthcare,5063889,
harvard bioscience,5063890,
harvard business publishing,5063891,202
harvard pilgrim healthcare,5063892,368
hb communications,5063913,299
hd supply,5063923,
hdi solutions,5063924,374
health alliance,5063927,
health informations designs,5063931,320
healthedge software inc,5063939,146
heery international,5063956,
heitman,5063957,
herber aircraft,5063975,
hid global,5063992,
high point university,5063997,
high sierra energy,5063998,
hitachi,5064016,
hitchiner manufacturing,5064018,
hollyfrontier corporation,5064033,
hope global,5064052,491
horizon lines,5064055,
housing authority of the city of la,5064067,
hudson advisors,5064088,
hudson hospital,5064089,
hunter defense technologies inc.,5064103,
hypertherm,5064117,100
i3 electronics,5064120,350
igloo products corporation,5064138,
imn inc (i make news inc),5064160,
impax laboratories,5064163,
ims health,5064164,
inc research,5064165,
income research and management,5064169,
incyte corporation,5064172,379
independent bank corp,5064176,
independent stationers,5064179,
indevus,5064180,
indianapolis marion county public library,5064183,
industrysafe,5064188,439
infocus corporation,5064195,
infogroup,5064196,
infopia,5064198,
ing,5064203,
instrumentation laboratory,5064236,
insurezone,5064238,477
integra lifesciences,5064240,
interactive data corporation,5064259,
internap networking services,5064268,
international fund for animal welfare inc.,5064275,
international registries inc.,5064280,
interval international,5064289,
interwest mining / bridger coal,5064290,
inventiv health,5064300,
ipl,5064310,
iqe plc,5064314,
ir + m,5064315,
irobot,5064316,156
iron mountain incorporated,5064317,
ironwood pharmaceuticals,5064321,
iso new england,5064327,
isobar,5064328,
ist,5064333,39
iteris inc,5064338,
iverify,5064345,384
ixia,5064347,
ixys integrated circuits division,5064348,
j & b medical,5064349,
jacksonville baptist medical center,5064365,
jacksonville transportation authority,5064366,275
jane street,5064374,
javelin pharmaceuticals,5064378,
jewish national fund,5064397,
johnson & wales unversity,5064404,
johnstone supply,5064411,
jones apparel,5064412,
jordan's furniture,5064415,
kaiser aluminum and chemical,5064435,
kaman,5064437,
kantar retail,5064440,
kci technologies,5064450,
kema,5064457,82
kicker stillwater designs,5064488,
kpmg,5064531,
kwik trip,5064545,370
lakeshore technical college,5064568,
lawrence & memorial hospital,5064595,
lawrence general hospital,5064596,115
lehigh valley hospital,5064616,
lemaitre vascular,5064617,
leone industries,5064621,
lh dottie,5064633,
life care services llc,5064639,
life is good inc,5064642,
lifetime brands,5064651,337
lifetouch,5064652,
lin tv,5064660,
lincoln financial group,5064662,
liqui-box,5064677,443
lodging solutions,5064690,
logixhealth,5064699,
lonza,5064702,
loomis sayles & company l.p.,5064708,
los angeles fire and police pensions,5064713,
los angeles world airport,5064716,
louisville regional airport authority,5064722,
louisville/jefferson co metro government,5064723,
lowell general hospital,5064727,
lower bucks hospital,5064729,
lydall,5064754,
m2s,5064765,139
magellan,5064782,152
manageforce,5064797,56
manhattan software,5064802,
mapr technologies,5064809,
markem-imaje,5064821,
market track,5064824,488
marvin windows and doors,5064842,
mason companies inc,5064854,
mass housing,5064856,
mass medical,5064857,
mass medical society,5064858,
massmutual financial group,5064866,
mastec,5064868,
master lock co.,5064869,
mastercard,5064873,
mate precision tooling,5064875,
mathworks,5064879,
mdr fitness corporation,5064912,
medical mutual insurance company,5064931,
mentor graphics corporation,5064959,
merchant warehouse,5064965,
merck & co. inc.,5064967,
mercury computers,5064969,
merrimack pharmaceuticals inc.,5064984,
metalcraft of mayville,5064990,354
metocean telematics,5064994,
metropolitan district commission,5065001,
mgh development office,5065012,
microbia precision engineering,5065028,126
microbilt (cl verify),5065029,
middlesex savings bank,5065046,
millenium pharmaceuticals inc,5065057,
millipore corporation,5065063,
mimecast,5065068,
mks instruments,5065085,144
modo eye wear,5065096,
moduslink,5065098,
mohawk paper,5065101,
moksha8,5065102,396
momenta pharmaceuticals,5065105,237
monarch cement,5065108,487
morinda,5065119,
mountaire farms,5065134,
mrv communications,5065140,322
msc group inc.,5065143,
mueller systems,5065148,260
murphy hesse toomey & lehane,5065159,
national commercial data services,5065186,
national marrow donor program,5065201,
national retail properties,5065211,
nationwide labs,5065219,
navic networks,5065223,
navillus,5065225,
nec energy solutions,5065245,295
netscout systems inc.,5065267,
neurometrix,5065275,
new england delta dental,5065288,
new enterprise stone and lime co.,5065295,
new jersey turnpike authority (njta),5065302,
new york city transit,5065309,
newbury corporation,5065318,
newton wellesley,5065330,
nifco america,5065347,165
nms communications,5065359,
noresco,5065374,
north shore medical center,5065382,
northeast utilities service co.,5065391,
northern california presbyterian homes & services,5065396,
northwestern energy,5065410,
norwell technology group,5065415,
novartis research,5065423,277
nyit,5065451,
oakleaf waste management llc,5065462,
ocean spray,5065474,
oci alabama llc (peroxygens),5065477,
oci enterprises (solar power and mission solar energy),5065478,
office max,5065484,
omgeo llc,5065503,
onboard informatics,5065515,
oneshield,5065524,
onyx pharmaceuticals,5065532,
optoro,5065547,
orasure technologies,5065557,399
orchard brands,5065559,
oscient pharmaceuticals,5065575,
osi parmaceuticals,5065579,
overland storage,5065593,
oxford global resources,5065600,90
pace suburban bus,5065607,
palomar medical,5065622,
panduit,5065632,279
panera bread,5065633,
par4,5065638,
parametric technology corp.,5065642,
paratek pharmaceuticals inc.,5065643,
park electrochemical corp.,5065648,
parsons brinkerhoff,5065657,
partners health system brighamans & womens,5065658,
partners health system mgh,5065659,
patientslikeme,5065663,
paychex inc.,5065669,
payu,5065673,
pc connection,5065677,
pcis,5065680,
pegasystems,5065688,
penn state university,5065694,
pennichuck water works,5065695,
people's united bank,5065705,
pepperidge farm inc.,5065709,
perkinelmer,5065718,
pfizer,5065737,
pharmapros corporation,5065745,
philips electronics,5065755,
phillips healthcare,5065757,
phoenix life insurance company,5065761,
pht corporation,5065764,
picis / optuminsight,5065768,
pictometry,5065770,
pitt plastics,5065796,
playtex products inc.,5065813,
pointright,5065824,178
polymedica,5065827,
popeyes louisiana kitchen inc.,5065830,
port of oakland california,5065834,
portland general electric,5065836,
potpourri group inc.,5065842,
pratt & whitney,5065853,
precision response corporation,5065861,
pretium packaging,5065875,
production resource group,5065896,
prosidion,5065911,
proudfoot,5065918,231
psa airlines,5065927,485
psychemedics,5065931,
puma north america,5065944,
pure insurance,5065948,271
qualcare,5065964,
quality health,5065966,
quality health (formally marketing technology solutions/mts),5065967,
quanex building products corporation,5065970,
quattro wireless,5065977,
questex media,5065984,
radisys corporation,5066008,
railinc,5066012,
raleigh-durham airport authority,5066018,407
readers digest,5066042,
red lobster,5066054,
reebok international,5066062,
regeneron pharmaceuticals,5066068,240
reit management & research,5066077,
reliant medical group,5066082,
renaissance insurance,5066085,
resolute forest products,5066104,292
retail convergence,5066115,
rimini street,5066135,
riverbend medical group,5066144,
rlj entertainment (image entertainment),5066150,
rochester electronics,5066158,376
roi communications,5066172,
rosetta stone,5066186,120
ross simon,5066188,
rwd technologies llc,5066214,
sager electronics,5066231,197
saint louis public schools,5066237,357
salem five,5066240,
samaritan health services,5066255,244
samsonite,5066257,
samsung usa,5066258,
sandals resorts international,5066270,
sandoz,5066273,
sappi,5066282,
sas institute,5066287,
savearound,5066295,
saylent technologies inc.,5066299,
sbli - the savings bank life ins co of ma,5066301,192
sc direct,5066303,
schindler elevations corporation,5066307,
seacor holdings,5066339,
sealed air corp,5066342,
seaman corporation,5066345,408
seiko instruments,5066361,343
senior aerospace metal bellows,5066375,
sensata technologies,5066380,
sentient,5066384,
sephora usa,5066386,
service america group (all seasons),5066388,
sharkninja,5066402,
shields health care group,5066415,
short elliott hendrickson,5066422,
siemens,5066430,32
siemens water technologies corp,5066433,
sig sauer,5066439,
sigma designs,5066440,
sikorsky,5066444,
silicon valley bank,5066448,
simplicate,5066459,261
skillsoft,5066472,
skura - ims,5066473,
smartpak,5066483,
trak microwave,5066491,
softrax,5066506,
south shore mental health,5066540,325
southco,5066542,
southcoast health system,5066543,
special metals,5066579,
specialty catalog,5066582,119
specialtycare,5066583,
spectralink,5066585,
spine wave inc.,5066590,
sportsman's guide (aka golf warehouse),5066596,
sri surgical,5066606,
standard parking,5066633,
stanley works,5066637,
staples corporation,5066638,
starent networks,5066641,
starpoint solutions,5066643,
state of montana,5066661,
state of rhode island,5066669,
sterilite,5066700,
steward health care system llc,5066707,
stonehill college,5066717,207
stp nuclear operating company,5066722,
stratix corporation,5066726,468
stylesight inc,5066741,
sulzer pumps houston inc.,5066747,
mn airlines llc dba sun country airlines,5066753,
sunflower electric,5066758,
sungro,5066762,
sunny delight,5066765,
sunovion,5066769,
sunpower corporation,5066770,
suntron corporation,5066773,
supply chain technologies,5066782,344
symmons,5066802,
synarc / bioclinica,5066812,
synqor,5066816,21
talon systems,5066837,233
tech conveyor,5066862,
tech target,5066864,
tensar,5066904,
textron,5066948,
the golf warehouse,5066978,
the new york public library astor lenox,5066996,
the rmr group,5067012,291
the stride rite corporation,5067017,
the trizetto group,5067026,
thornton mettler toledo,5067046,
tiaa cref,5067050,
tierpoint,5067054,
timberland,5067056,
tjx,5067061,6
total terminals international,5067090,
town sports international,5067102,283
trading point of financial instruments,5067110,
transact technologies inc,5067117,
tricore,5067151,
trinity logistics,5067159,
tripadvisor,5067166,381
tti floor care,5067186,290
turbine inc.,5067196,
twin dragon marketing inc,5067202,
tymetrix,5067206,
uaw retiree medical benefits trust,5067210,492
uc physicians,5067213,234
uhy advisors,5067217,409
uline,5067219,
ultra electronics,5067223,475
umass-dartmouth,5067229,
unica software,5067233,
unifirst,5067237,
united illuminating,5067254,
united liquors,5067256,
united nations federal credit union,5067258,
united natural foods,5067259,
united technologies corporation,5067272,
united water resources,5067275,
unitedhealth group,5067282,
university of connecticut,5067310,
unknown,5067358,
unum,5067359,
usana,5067376,
utah transit authority,5067382,
valtera corporation,5067397,
valueoptions,5067399,
veracode,5067425,114
veterinary practice partners,5067445,312
viacord inc,5067449,
virbac corporation,5067467,235
virtela communications,5067476,
vision appraisal technology,5067482,
von weise (kph holdings),5067499,
vornex,5067500,
warner bros.-turbine inc.,5067530,
washington trust bancorp,5067533,
waters corporation,5067540,
wavemark inc,5067542,169
wb mason,5067547,
webroot software,5067555,
webster bank,5067557,268
weetabix,5067559,
welch's,5067567,
wellpet,5067570,
westport petroleum inc,5067610,
wind corporation,5067643,
winshuttle,5067653,404
wiremold,5067654,
wolters kluwer,5067659,303
working planet,5067671,
world travel holdings,5067679,
wyoming dot,5067694,
xerox corporation,5067701,
xl group,5067706,
yale new haven health,5067715,
yamana gold,5067716,
yankee candle,5067717,28
yankee candle company,5067718,
yushin,5067738,367
zarlink semiconductor,5067747,
zip car,5067763,148
zoom systems,5067770,490
3v solutions,5067775,ï»¿346
aavid thermalloy,5067776,10
aeris communications,5067777,
agensys,5067778,
airvana,5067779,319
american air filter,5067780,330
american board of internal medicine,5067781,
american greetings,5067782,81
american renal associates,5067783,137
american seafoods,5067784,
amtrol inc.,5067785,
andrew peller limited,5067786,176
arzon (amonix),5067787,
atrium medical,5067788,
avid technology,5067789,135
beluga ventures,5067790,
birch communications,5067791,
bissell homecare,5067792,
boart longyear,5067793,252
brewster home fashions,5067794,377
brueggers enterprises inc.,5067795,
bullseye telecom,5067796,
calloway labs,5067797,73
cardiodx,5067798,256
cdi corp,5067799,
charter manufacturing,5067800,
cirrus aircraft,5067801,423
cnl financial group,5067802,191
cnl lifestyle company llc,5067803,
cole-parmer,5067804,
color spot nurseries,5067805,333
colorado department of transportation,5067806,332
converge,5067807,
cross country automotive group,5067808,
cubist pharmaceuticals inc.,5067809,
cybex international,5067810,52
day & zimmermann group,5067811,
doc-tor.com,5067812,430
eastern bank,5067813,74
eaton vance,5067814,173
emc - parametric,5067815,
empirix,5067816,129
enstar (us) inc.,5067817,
erau,5067818,
etm electromatic,5067819,431
flightstar aircraft services,5067820,
flinn scientific,5067821,128
forrester research inc.,5067822,
gartner inc.,5067823,
gazelle inc.,5067824,
glass lewis & co,5067825,
globitech,5067826,201
glovis al llc,5067827,
glovis ga llc,5067828,
grand circle corporation,5067829,29
grand junction,5067830,
gsi group,5067831,
hargray communications,5067832,
hsa insurance/nfp health (mba),5067833,
humedica,5067834,183
idec corporation,5067835,101
immi,5067836,55
jacksonville aviation authority,5067837,266
kelly-moore paint co inc,5067838,
kessler group,5067839,85
kolbenschmidt,5067840,351
kopin,5067841,
koyo corporation,5067842,113
liposcience inc,5067843,281
maines paper & food service,5067844,
mch strategic data,5067845,446
meguiar's,5067846,
mesa air,5067847,
missouri dept. of transportation,5067848,
mohegan tribe,5067849,
mossberg,5067850,87
movilitas,5067851,339
mueller sports medicine,5067852,340
national dentex corp,5067853,5
navman wireless holdings,5067854,
network health,5067855,7
new brunswick scientific,5067856,
noosh,5067857,449
nova solar,5067858,204
ofs brands,5067859,450
ogin,5067860,185
ora clinical,5067861,186
osisoft llc,5067862,
partylite,5067863,453
passkey international,5067864,210
peavey electronics corporation,5067865,
phi inc.,5067866,
pixar,5067867,458
pomco group,5067868,194
power one,5067869,
precix,5067870,83
primeline products,5067871,
radixx international,5067872,177
rait financial trust,5067873,195
real alloy,5067874,317
real industry,5067875,
restaurant technologies inc,5067876,
roadscholar (elderhostel),5067877,54
sag-aftra,5067878,
sekisui diagnostics llc,5067879,211
sharyland utilities,5067880,196
sherwin-williams company,5067881,71
siemon,5067882,
sonus networks,5067883,
spectranetics,5067884,170
suffolk construction,5067885,206
sycamore networks,5067886,67
terex,5067887,313
thomas publishing company,5067888,318
tii network technologies inc.,5067889,
ugi utilities,5067890,
unisource solutions,5067891,80
uno restaurant corp.,5067892,
uponor business solutions oy,5067893,
uponor north america inc,5067894,
vas aero,5067895,345
velco,5067896,
vertex pharmaceuticals,5067897,
vicor,5067898,
viewpost,5067899,270
wellpartner inc,5067900,172
wunderman data management llc,5067901,
xsigo systems,5067902,163
yanmar compact germany gmbh,5067903,
ybp library,5067904,
zynga game network inc,5067905,
3v solutions - glaceau corp,5067971,
akron beacon journal,5067972,415
aravo solutions inc,5067973,
autodesk,5067974,
butler supply inc,5067975,
checkview corporation,5067976,
css impact,5067977,484
distribution-publications inc.,5067978,
dominion resources inc.,5067979,
ernst & young (logistar solutions),5067980,
factset research systems inc.,5067981,
haas group international,5067982,
inkfrog inc,5067983,
innovabee gmbh,5067984,
medianews group inc,5067985,
metabolon,5067986,447
natural organics inc,5067987,398
operating engineers funds inc,5067988,451
pan-o-gold,5067989,452
penco  products,5067990,
philadelphia insurance co,5067991,
quad/graphics,5067992,
scantron corporation,5067993,
scrapware,5067994,463
sdn communications,5067995,464
xtime inc,5067996,
zip realty,5067997,
optum insight,5073814,
uc berkeley,5073815,309
takeda pharmaceutical,5073816,